{
    "id": "01",
    "name": "AZ-104 Azure Administrator",
    "rating": 4.7,
    "category": "Certification",
    "publicChapters": [
        1,
        4,
        6,
        7
    ],
    "students": [
        {
            "studentId": "S01",
            "price": 9.99
        },
        {
            "studentId": "S03",
            "price": 10.99
        }
    ]
}

{
    "id": "C02",
    "name": "Learning Kubernetes",
    "rating": 4.6,
    "category": "Software",
    "publicChapters": [
        2,
        3,
        10
    ],
    "students": [
        {
            "studentId": "S10",
            "price": 11.99
        },
        {
            "studentId": "S03",
            "price": 10.99
        }
    ]
}

{
    "id": "C03",
    "name": "AZ-204 Azure Developer",
    "rating": 4.8,
    "category": "Certification",
    "students": [
        {
            "studentId": "S01",
            "price": 8.99
        }
    ]
}